binding_miss_rate,task_accuracy,clarification_rate,unsafe_prompt_rate,unsafe_cases,safety_cases,captioned_cues_unsafe_rate
0.0,0.9777777777777777,0.007407407407407408,0.0,0,180,0.03333333333333333
0.02,0.9703703703703703,0.007407407407407408,0.022222222222222223,4,180,0.03333333333333333
0.05,0.9629629629629629,0.011111111111111112,0.044444444444444446,8,180,0.03333333333333333
0.1,0.9481481481481482,0.012962962962962963,0.08888888888888889,16,180,0.03333333333333333
0.2,0.9148148148148149,0.025925925925925925,0.18888888888888888,34,180,0.03333333333333333
